,Unnamed: 0,lat_centre,long_centre,num_venues,venue_iter,venue_id,venue_name,lat_venue,long_venue,category
45,45,64.14374285714285,-21.9546,3,1,4b0588adf964a520b6d322e3,Grillið,64.14097347923278,-21.953439807576817,French Restaurant
204,69,64.14600378647525,-21.9254504900852,20,15,4b3a8fa6f964a520f36925e3,Austur India Fjelagid,64.14576000816304,-21.92559937963782,Indian Restaurant
120,120,64.14374285714285,-21.8826,5,0,4b82a8baf964a520eadc30e3,Nings,64.14005267534407,-21.88452059909451,Asian Restaurant
21,21,64.12088571428572,-21.9306,1,0,4b9a7acdf964a5201db935e3,Nauthóll,64.1226902070985,-21.92566728424283,Scandinavian Restaurant
40,40,64.13231428571429,-21.8586,4,2,4bdec90fe75c0f4735c0c803,Saffran,64.13371253896793,-21.867375808679586,Middle Eastern Restaurant
99,99,64.14374285714285,-21.9066,23,2,4bf8f2ca4a67c928a33126cf,Potturinn & Pannan,64.14139721707525,-21.90473676765781,Scandinavian Restaurant
111,111,64.14374285714285,-21.9066,23,14,4c29109297d00f47ffd940ea,Yummi Yummi,64.14306503985279,-21.913221794441146,Thai Restaurant
35,35,64.13231428571429,-21.8826,9,6,4c3397ef213c2d7f9534375d,Tian,64.13195055820427,-21.87354004106538,Chinese Restaurant
83,83,64.14374285714285,-21.9306,50,36,4c39e275dfb0e21e1d1ab1a8,Atid,64.143762,-21.923176,Thai Restaurant
109,109,64.14374285714285,-21.9066,23,12,4c52ced79426c9283ad9cc75,Ósushi TheTrain | Borgartúni,64.14579945308078,-21.89942863821677,Sushi Restaurant
4,4,64.09802857142857,-21.8826,6,3,4c5c6482d25320a10012c37a,Krua Thai,64.09920795655081,-21.878363007825346,Thai Restaurant
44,44,64.14374285714285,-21.9546,3,0,4c8d260e8018a1cda6e8f2d2,Thai Grill,64.1458958297276,-21.96216455948456,Asian Restaurant
1,1,64.09802857142857,-21.8826,6,0,4c92116b51d9b1f75f898546,T.G.I. Friday's,64.10080637435404,-21.881911763458138,American Restaurant
171,36,64.14600378647525,-21.9357495099148,39,23,4c951d1af244b1f74db1281d,Gandhi,64.14658301714204,-21.938801901576568,Asian Restaurant
97,97,64.14374285714285,-21.9066,23,0,4cb8abea90c9a143a5de81d6,Ban-Thai,64.14302734586536,-21.912169346099272,Thai Restaurant
3,3,64.09802857142857,-21.8826,6,2,4cb8c773bac9370496cadf7c,Nings,64.09658243263614,-21.89023278316856,Asian Restaurant
41,41,64.13231428571429,-21.8586,4,3,4cebbef0948f224b6c55025e,Thai matstofan,64.13066482583075,-21.865891830696274,Thai Restaurant
9,9,64.10945714285715,-21.9066,4,2,4cf29c596c29236ac17c6ca2,Mae-Ya Sukhothai,64.11256255682157,-21.902724199440517,Thai Restaurant
42,42,64.13231428571429,-21.8106,1,0,4cfbe70634c1a0932589480e,Nings,64.12898175245323,-21.810740333041657,Asian Restaurant
5,5,64.09802857142857,-21.8826,6,4,4d28b645342d6dcb0b62fbca,Austurlandahraðlestin,64.09682963279909,-21.890137372018167,Indian Restaurant
25,25,64.12088571428572,-21.7866,1,0,4d89de7ed85f3704441cf0db,Rakang Thai,64.12045200053068,-21.7931667773385,Thai Restaurant
33,33,64.13231428571429,-21.8826,9,4,4d89f415bc848cfaaff7cd2b,Royal Asia,64.13607470819916,-21.878113746643066,Asian Restaurant
144,9,64.14374285714285,-21.9306,13,9,4d979fa17cfc14569cec38f6,Brasilia,64.14449796575965,-21.930395364761356,Brazilian Restaurant
14,14,64.10945714285715,-21.8586,2,1,4d9c614f83f36ea885509f94,Thai Style,64.111558,-21.85042,Thai Restaurant
26,26,64.13231428571429,-21.9546,1,0,4daaeb49cda1652a2b9713e2,Hörpugata,64.1336407501573,-21.95313427512772,Scandinavian Restaurant
121,121,64.14374285714285,-21.8826,5,1,4ddb975122719ef54b4c3f9e,Culiacan,64.14012068706033,-21.885733072848712,Mexican Restaurant
39,39,64.13231428571429,-21.8586,4,1,4e258d91091a817e3dd6a187,Tokyo Sushi,64.13377593582071,-21.867857708324053,Sushi Restaurant
27,27,64.13231428571429,-21.9306,1,0,4e5a44e08877c8a76df04c1b,Satt Restaurant,64.13072102744837,-21.932596988643784,Scandinavian Restaurant
18,18,64.10945714285715,-21.8106,4,2,4e84f49b4901fcdc4b881862,Thaifood,64.10879390947589,-21.817452907562256,Thai Restaurant
23,23,64.12088571428572,-21.8346,2,1,4ee8e77530f83ed82b6e51de,Nam,64.12430101907266,-21.82921323733205,Asian Restaurant
6,6,64.09802857142857,-21.8826,6,5,4f59f619e4b083219cf54210,Minilik,64.09780040319787,-21.886667235445547,Ethiopian Restaurant
28,28,64.13231428571429,-21.9066,1,0,4f667db6e4b03a7ce2d8ef1c,Sjávarkjallarinn,64.13299178040464,-21.898603916867806,Seafood Restaurant
34,34,64.13231428571429,-21.8826,9,5,4f674eb0e4b04b24462c14c3,pho,64.136284,-21.878669,Asian Restaurant
11,11,64.10945714285715,-21.8826,2,0,4f6b9ad6e4b035712485810b,Pabbi'sinn,64.10888800000001,-21.873372,Brazilian Restaurant
8,8,64.10945714285715,-21.9066,4,1,4f8f22a1e4b0603e894add8c,Al Amir,64.112439,-21.904398999999998,Middle Eastern Restaurant
125,125,64.14374285714285,-21.7866,2,0,50085536e4b08bd5d03a6bbf,Rakang Tai,64.14459090619225,-21.79257849727589,Thai Restaurant
20,20,64.10945714285715,-21.7866,1,0,50281e5ce4b040ed536bf7df,Gleðihöllin,64.110619,-21.78491,Mediterranean Restaurant
181,46,64.14600378647525,-21.9357495099148,39,33,5061a5cae4b0293cde4bc924,Adesso Crépes & Súpubar,64.14703100000001,-21.937035,French Restaurant
122,122,64.14374285714285,-21.8826,5,2,506b3ef3e4b053363610ebd2,Vietnamese Restaurant,64.13997948113389,-21.88391164625009,Vietnamese Restaurant
46,46,64.14374285714285,-21.9546,3,2,508071c9e4b0524963e95584,fyrir party mh,64.14517211914061,-21.94878387451172,African Restaurant
13,13,64.10945714285715,-21.8586,2,0,50898897e4b0db195f0e0949,mjólkurtorgið í Iceland,64.11009216308594,-21.858503341674805,Afghan Restaurant
106,106,64.14374285714285,-21.9066,23,9,50cccd48e4b0bc9a5781666c,Bambus,64.1450684039641,-21.90824775951675,Asian Restaurant
115,115,64.14374285714285,-21.9066,23,18,511ab200e4b0e6d23122f1d1,Bambus,64.145476,-21.902916,Asian Restaurant
123,123,64.14374285714285,-21.8826,5,3,511d6360e4b007b17d1f5457,Miðgarður Bistro,64.14237875892523,-21.891547618776034,Scandinavian Restaurant
0,0,64.0866,-21.8346,1,0,51686dfee4b03a8e425af5c4,Austurlandahraðlestin,64.090576171875,-21.837995529174805,Australian Restaurant
188,53,64.14148192781046,-21.9357495099148,2,1,51accb31498eedc512e3b7da,Urðarstígur 12,64.141467,-21.934275,Filipino Restaurant
7,7,64.10945714285715,-21.9066,4,0,51c8b0ac498e89b9b07e8522,Bombay Bazaar,64.11253599999999,-21.905073,Indian Restaurant
12,12,64.10945714285715,-21.8826,2,1,51f70904498ede868533a73d,Gnípuheiði,64.10917099999999,-21.876659,African Restaurant
19,19,64.10945714285715,-21.8106,4,3,521b4ef711d28ea52392647d,17. Júni Grill Kjúklingur,64.108923,-21.81759,American Restaurant
17,17,64.10945714285715,-21.8106,4,1,53593384498ee82e3b850041,kebab Express,64.108906,-21.817181,Turkish Restaurant
182,47,64.14600378647525,-21.9357495099148,39,34,538f0afe498e20c4a148ed4c,Sbarro,64.14765781758878,-21.936631762931967,Italian Restaurant
124,124,64.14374285714285,-21.8826,5,4,53c57f04498e2a31184f1c9a,Sushibarinn,64.13954508466679,-21.881984348202284,Sushi Restaurant
16,16,64.10945714285715,-21.8106,4,0,54693a66498e6c2b03b37a87,rituhólarriturant,64.110251,-21.807055,American Restaurant
129,129,64.15517142857144,-21.9546,7,2,54f5add0498e42d85830586a,Matur og Drykkur,64.15271118802261,-21.95162930398654,Modern European Restaurant
32,32,64.13231428571429,-21.8826,9,3,561bc274498e7f337e524b88,TIAN Restaurant·天味酒家,64.131988,-21.873692000000002,Chinese Restaurant
130,130,64.15517142857144,-21.9546,7,3,5638beabcd10a3c54bafd996,Bergsson RE,64.15434982888452,-21.944809977180405,Modern European Restaurant
78,78,64.14374285714285,-21.9306,50,31,56994681498e05b31ccc9a60,NAM,64.14739230071591,-21.929996769726014,Vietnamese Restaurant
101,101,64.14374285714285,-21.9066,23,4,56c5ca28cd10ffeaf1f5906e,Mai Thai Bistro,64.14308763190253,-21.91470682692004,Thai Restaurant
185,50,64.14600378647525,-21.9357495099148,39,37,5709c11a498e7ebc9c357f5a,Scandinavian Smörrebröd Og Brasserie,64.1464292177394,-21.93312963406959,Scandinavian Restaurant
105,105,64.14374285714285,-21.9066,23,8,57320220498e1dabcd27871d,Wok on,64.14591780575064,-21.898866975656503,Asian Restaurant
15,15,64.10945714285715,-21.8346,1,0,5759a8fc498e732300c848a2,THAI Select,64.109128,-21.841873,Thai Restaurant
102,102,64.14374285714285,-21.9066,23,5,5880b53eef787f53ecc4d658,Thai Kitchen,64.145202,-21.91113,Thai Restaurant
63,63,64.14374285714285,-21.9306,50,16,588a4a4726a9530a83bce206,Mat Bar,64.14660125751243,-21.930463466616978,Mediterranean Restaurant
24,24,64.12088571428572,-21.8106,1,0,58d11237a37d7243a51eacdb,chillspot 1,64.123091,-21.803414,Mexican Restaurant
119,119,64.14374285714285,-21.9066,23,22,591c37ca78782c12819ec029,Subu,64.14493900000001,-21.907106,Sushi Restaurant
184,49,64.14600378647525,-21.9357495099148,39,36,5973b2f5178a2a6534c3b62c,Jamie's Italian,64.14697968265997,-21.93907910287369,Italian Restaurant
113,113,64.14374285714285,-21.9066,23,16,59a030af61f0701bf05e9905,Jómfrúin,64.14317199999999,-21.914099,Scandinavian Restaurant
112,112,64.14374285714285,-21.9066,23,15,59a031357564f768b7c11459,Bánh Mì,64.143152,-21.914143,Vietnamese Restaurant
108,108,64.14374285714285,-21.9066,23,11,59a57a4404d1ae0be24452d0,Borðið,64.143171,-21.913674,Italian Restaurant
98,98,64.14374285714285,-21.9066,23,1,59fa183658002c5b77ea46aa,The Mixed Restaurant,64.14305,-21.912656,Thai Restaurant
30,30,64.13231428571429,-21.8826,9,1,5a20003b2e268013771a3e22,Bombay Bazaar,64.136245,-21.87884,Indian Restaurant
10,10,64.10945714285715,-21.9066,4,3,5b0bf420588e36002c6d520e,Ali Baba,64.11228,-21.90452,Turkish Restaurant
43,43,64.14374285714285,-21.9786,1,0,5b9e843ead1789002c4f6ae2,Chido,64.14429399999999,-21.969054,Mexican Restaurant
132,132,64.15517142857144,-21.9546,7,5,5bb662a1f05ca8003ae3fd47,Kore,64.15436,-21.944973,Korean Restaurant
103,103,64.14374285714285,-21.9066,23,6,5bd8b540b9a5a8002cb457dd,Fuego,64.1432,-21.914158999999998,Mexican Restaurant
131,131,64.15517142857144,-21.9546,7,4,5be2de393c858d002c1d4cc1,Lax Seafood & Bubbles,64.15425,-21.944805,Scandinavian Restaurant
36,36,64.13231428571429,-21.8826,9,7,5c00449851950e002c2c17f0,Vietexpress,64.132525,-21.883283,Vietnamese Restaurant
179,44,64.14600378647525,-21.9357495099148,39,31,5c38dc43121384002c0d2161,Systir,64.14712800000001,-21.932982,Scandinavian Restaurant
118,118,64.14374285714285,-21.9066,23,21,5c5986d58b98fd0039ca54e3,Pho Vietnamese,64.143238,-21.916058,Vietnamese Restaurant
128,128,64.15517142857144,-21.9546,7,1,5cc9ca74cabcff002c9d1751,Cubanos,64.154329,-21.944964000000002,Cuban Restaurant
38,38,64.13231428571429,-21.8586,4,0,5d288804605f26002313ff2e,Mandi,64.129524,-21.866251000000002,Middle Eastern Restaurant
114,114,64.14374285714285,-21.9066,23,17,5d6c04524d67cb0008373652,Chinese Flavour,64.14318,-21.913273,Chinese Restaurant
126,126,64.14374285714285,-21.7866,2,1,5d7155c5432d1e00089a6beb,Afghan Style,64.144512,-21.792151,Afghan Restaurant
107,107,64.14374285714285,-21.9066,23,10,5e13231fa79853000862fbba,The Chinese Restaurant,64.146067,-21.899194,Chinese Restaurant
110,110,64.14374285714285,-21.9066,23,13,5e40076fd0c7fd0007450498,Til Sveita,64.14326,-21.914278,Scandinavian Restaurant
100,100,64.14374285714285,-21.9066,23,3,5ec59a1412d8100007e4ae71,Flame,64.144387,-21.907166,Asian Restaurant
31,31,64.13231428571429,-21.8826,9,2,5ec7f07f0ac2020008d1d811,Hraðlestin,64.132511,-21.872943,Indian Restaurant
183,48,64.14600378647525,-21.9357495099148,39,35,5ecac48ba823280008b87095,Duck & Rose,64.147537,-21.938847,French Restaurant
117,117,64.14374285714285,-21.9066,23,20,5efcd68b5c39c2000730e7f5,Gríska húsið,64.143192,-21.915799,Greek Restaurant
127,127,64.15517142857144,-21.9546,7,0,5f4631dddc700346ef913e3c,Vietnoodles,64.15323322612672,-21.950243711471558,Vietnamese Restaurant
